customer_id,name,email,signup_date
1,Nicole Erickson,baileyrobert@example.com,2024-04-04
2,Megan Andrews,deborah37@example.org,2024-01-08
3,Angel Larson,hughesalison@example.org,2024-05-15
4,William Smith,perezcheyenne@example.com,2025-09-28
5,Sarah Patterson,zbaker@example.net,2024-09-15
6,Mason Rodriguez,christopherolson@example.org,2025-02-01
7,Steven Barker,roblesryan@example.net,2024-10-17
8,Ms. Mikayla Cortez,jamie04@example.org,2025-01-07
9,Samuel Smith,robinscott@example.org,2025-04-06
10,James Morton,jenniferfreeman@example.org,2024-04-18
11,Ryan Jones,robertedwards@example.com,2025-01-19
12,Chase Johnson,whitney57@example.net,2025-01-30
13,Makayla Gonzales,spencertravis@example.com,2024-04-05
14,Michael Ferguson,xglover@example.net,2024-10-05
15,Paula Gonzalez,lorirowland@example.net,2025-11-02
16,Lisa James,abutler@example.net,2025-10-26
17,Jesus Callahan,sharon50@example.net,2024-05-31
18,David Keith,robertamunoz@example.com,2025-05-14
19,Jade Brown,tracey68@example.net,2024-06-25
20,Mr. Frank Lawson,edwardhunter@example.net,2024-08-12
21,Lisa Joyce,brandon59@example.org,2024-10-31
22,Maria Daniel,denisefrank@example.org,2024-07-24
23,Mark Young,tshort@example.net,2025-08-13
24,Jason Daugherty,karatanner@example.net,2024-03-02
25,Regina Martinez,rchapman@example.org,2025-06-17
26,Marc Miller,xbrown@example.com,2024-01-30
27,Jeffery Valentine,hickszachary@example.net,2024-12-22
28,Michael White,jenningsjohn@example.com,2024-03-19
29,Lindsey Evans,greenejohn@example.com,2025-01-31
30,Lori Patterson,baileyjoshua@example.org,2025-10-04
31,Elizabeth Patton,karajones@example.org,2024-10-01
32,Lance Ramsey,clarkrobin@example.org,2024-10-03
33,James Mejia,cruzalicia@example.org,2024-01-06
34,Sheila Aguirre,gonzalezjulie@example.net,2024-04-24
35,Billy White,tiffanyduran@example.org,2024-09-17
36,Zachary Campbell,ericbeck@example.net,2025-08-30
37,Antonio Gonzales,garrettkrystal@example.org,2025-08-03
38,Michael Brown,bettyhowell@example.org,2024-07-17
39,Sean Bush,bradjenkins@example.org,2025-03-25
40,Joseph Gutierrez,nmartinez@example.net,2024-09-15
41,Brian Case,alexandrachavez@example.net,2024-08-15
42,Alexis Perez,hyoder@example.com,2025-06-06
43,Anna Sanchez,gaineszachary@example.org,2024-01-30
44,Danny Hernandez,jack52@example.com,2025-01-29
45,Miguel Owen,larryhays@example.com,2024-04-07
46,Maria Bryant,hailey21@example.org,2025-04-21
47,Curtis Yoder,travis38@example.com,2025-08-23
48,Kyle Palmer,stephen92@example.org,2024-06-15
49,Matthew Crawford,mrice@example.net,2024-04-13
50,Kimberly Mills,johnnyhuang@example.com,2024-03-16
51,Justin Hernandez,fmullins@example.org,2024-12-07
52,Katie Sanders,gjohnson@example.com,2024-02-11
53,Vanessa Johnson,bakerdonna@example.net,2024-08-24
54,Kevin Jackson,chambersmark@example.org,2025-11-01
55,Juan Moss,utorres@example.com,2025-09-18
56,Suzanne Rodriguez,mbarnes@example.com,2025-02-23
57,Kara Carter,evansbrent@example.net,2025-09-09
58,David Ray,rosemichael@example.org,2025-07-22
59,Tanya Hayes,vmartinez@example.org,2025-03-02
60,James Brady,cross@example.com,2025-05-29
61,John Watkins,lrose@example.org,2024-04-11
62,Brandon Liu,sochoa@example.com,2024-08-04
63,Amanda Vasquez,eanderson@example.org,2024-06-12
64,Jennifer Martinez,santoskrystal@example.org,2025-05-02
65,Ronald Knight,hvelasquez@example.com,2025-04-27
66,David Espinoza,joy04@example.org,2024-06-05
67,Nicole Walton,sean05@example.com,2024-08-12
68,Jesus Meyers,jordantoni@example.net,2025-02-06
69,Melissa Black,jasonmartinez@example.com,2024-03-05
70,Diana Weaver,jacob51@example.net,2023-12-25
71,Jennifer Cooper,linda88@example.com,2024-11-03
72,Jeffery Castillo,lisabrown@example.org,2024-01-31
73,Matthew Robinson,richard11@example.net,2025-10-16
74,John Jones,hawkinscolleen@example.com,2025-10-01
75,Zachary Marshall,adam42@example.org,2023-11-25
76,Nicole Holloway,john49@example.org,2025-07-21
77,Sara Ball,jason49@example.net,2025-01-24
78,Mark Aguirre,bmaldonado@example.org,2025-05-21
79,Brenda Mccullough,kriley@example.net,2024-05-18
80,Andrea Gonzalez,williamriddle@example.com,2025-04-26
81,Mckenzie Carroll,martinezgeorge@example.com,2024-08-10
82,Kimberly Morales,jacksondylan@example.net,2025-09-21
83,Emily Reed,vanessacline@example.net,2025-10-19
84,Hailey Curtis,douglasgraham@example.com,2025-08-28
85,Nathan Mullen,robert30@example.net,2024-10-24
86,Lisa Gonzalez MD,mary69@example.com,2025-08-18
87,Ashley Mullins,opowell@example.org,2024-08-02
88,Heather Fields,qbuchanan@example.com,2024-12-09
89,Melinda Vasquez,simpsonanthony@example.net,2025-07-31
90,Bryan Young,sandra56@example.net,2024-12-31
91,Keith Gross,tolsen@example.org,2024-10-11
92,Rachel Barnes,burnsjessica@example.net,2024-08-13
93,Seth Williams,dreed@example.com,2024-04-29
94,Benjamin Parrish,davidmclaughlin@example.net,2025-09-19
95,Jesus Rivera,jack44@example.com,2024-03-13
96,Erin Huffman,samuelbass@example.com,2024-07-04
97,Mary Mayo,qporter@example.net,2025-10-02
98,Courtney Hopkins,fweiss@example.com,2025-10-03
99,Nicole Baker,robertsonnicole@example.org,2025-08-08
100,Travis Bates,kchen@example.com,2025-05-21
101,Alexander James,monroeian@example.net,2024-12-17
102,Sheryl Hill,jthornton@example.org,2024-02-26
103,Katherine Jimenez,josephbrown@example.org,2023-11-21
104,Oscar Maldonado,delliott@example.net,2024-05-27
105,Kevin Young,gpratt@example.org,2023-11-21
106,Patty Green,iortiz@example.net,2024-05-20
107,Lisa Smith,dwelch@example.com,2023-12-13
108,Jeremy Powers,burnettrobert@example.com,2025-07-18
109,Sarah Miller,yfarrell@example.net,2023-12-19
110,Harry Garrison,sandersgrace@example.org,2024-11-08
111,Crystal Yu,hesterelizabeth@example.com,2024-12-23
112,Thomas Fisher,debra17@example.com,2025-01-23
113,Tonya Jackson,ccrawford@example.org,2025-05-06
114,Monica Jones PhD,tammy20@example.org,2025-05-11
115,Stephanie Schmidt,jonesbenjamin@example.org,2024-04-07
116,Juan Thornton,christophergreen@example.org,2025-10-23
117,Andrew Shah,vstanley@example.com,2024-07-25
118,Glenn Miller,awilliams@example.net,2024-02-25
119,Benjamin Wilson,comptonpamela@example.com,2025-08-17
120,Lindsey King PhD,julieriley@example.net,2025-01-30
121,Todd Harrison,obrewer@example.com,2024-08-01
122,Frederick Clark,louis48@example.com,2025-01-31
123,Lisa Lee,jameskatherine@example.com,2025-09-26
124,Nicole Barry,morrischristine@example.org,2024-04-18
125,Sonya Floyd,juliafleming@example.net,2023-12-09
126,Matthew Campbell,jamiemiller@example.org,2025-02-24
127,Patrick Rodriguez,ryan22@example.net,2024-03-24
128,Jeffrey Johnson,dillonhill@example.org,2024-03-18
129,Rodney Thompson,elizabethchapman@example.com,2024-04-25
130,Joseph Mack,dwilliams@example.net,2025-06-17
131,Madeline Munoz,toddcollins@example.com,2024-05-25
132,Stacey Everett,samanthaschultz@example.net,2025-03-24
133,Jennifer Waters,nicole30@example.net,2024-08-13
134,Michael Cordova,pamelalopez@example.net,2024-10-27
135,Gregory King,jonesmichael@example.com,2023-11-22
136,Eric Thornton,brandon69@example.org,2024-12-18
137,Brooke Johnson,fmyers@example.com,2024-12-25
138,Priscilla Bowen MD,elizabethblankenship@example.com,2023-12-05
139,Jill Moore,alexandra48@example.org,2025-06-18
140,Christina Medina,thomasryan@example.org,2023-11-27
141,Ronald Smith,piercewillie@example.com,2024-03-24
142,Robin Nguyen,tortiz@example.com,2024-03-03
143,Timothy Berry,shelleybullock@example.com,2025-07-28
144,Kathy Edwards,danielreyes@example.org,2024-06-03
145,Lindsey Chapman,patrick60@example.org,2025-03-13
146,Kristen White,qluna@example.org,2024-11-05
147,Laura Frey,lisalopez@example.com,2023-12-01
148,Mrs. Rebecca Harmon,nelsonmartin@example.net,2024-07-09
149,Susan Morales,michaeljohnson@example.com,2024-06-09
150,Deanna Jordan,lisa18@example.net,2024-04-12
151,James Diaz,millerdaniel@example.org,2024-06-23
152,Nicholas Murray,robin00@example.com,2024-02-10
153,Linda Foster,gilbertlinda@example.com,2024-06-01
154,Samantha York,michael08@example.org,2024-04-06
155,Elizabeth Jackson,derrick27@example.com,2024-11-19
156,Michael Simmons,lawrencemitchell@example.com,2024-01-16
157,Angela Hall,williamssean@example.net,2024-01-22
158,Justin Cline,dgardner@example.net,2024-07-15
159,Jonathan Chang,reneethompson@example.org,2024-03-11
160,Mrs. Ebony Martinez,sandramcneil@example.net,2024-04-06
161,Gregory Brandt,tammy07@example.org,2024-08-07
162,Madeline Russell,russellkathleen@example.net,2025-08-17
163,Andrew Bennett,johnsonchad@example.net,2025-09-20
164,Melissa Ballard,sgarcia@example.org,2024-02-22
165,Sandra Anderson,holtjulie@example.org,2025-02-18
166,Pamela Zimmerman,williamsrobert@example.org,2025-01-06
167,Amanda Willis,barnesdanielle@example.org,2023-12-25
168,Cheyenne Garcia,kristie10@example.com,2025-07-24
169,Juan Merritt,heatherblevins@example.net,2024-03-26
170,Brandon Lopez,hlewis@example.net,2024-12-13
171,Anthony Villa,mcmahonbrett@example.net,2024-03-11
172,Tammy Levine,dawnsmith@example.com,2024-05-24
173,Gary Prince,aaronbrown@example.com,2024-10-15
174,Lynn Winters,kaitlyn93@example.net,2025-08-11
175,Tanner Stephenson,wanda84@example.com,2024-10-25
176,Martin James,david90@example.org,2024-08-25
177,Michael Morales,cruzjessica@example.net,2024-08-30
178,Steven Short,stephenprice@example.net,2025-02-13
179,Jeremy Lowery,lle@example.net,2025-10-11
180,Danielle Orozco,johnstuart@example.org,2025-04-20
181,Bethany Mendoza,michelleaguirre@example.com,2025-01-12
182,Bradley Holmes,aingram@example.org,2025-05-30
183,Laura Chan,christopherfreeman@example.com,2024-12-13
184,Donald Lopez,lindsey90@example.com,2025-06-13
185,Jaime Jones,tracy40@example.com,2024-10-21
186,Darlene Blackwell,marcus38@example.com,2025-03-06
187,Tracey Scott,samanthawest@example.org,2025-10-06
188,Daniel Collins,amy41@example.com,2024-08-20
189,Jennifer Griffin,ramirezjohn@example.org,2025-09-07
190,Robert Krueger,nspencer@example.net,2025-03-12
191,Jamie Thomas,rzuniga@example.org,2025-10-11
192,Natasha Lloyd,ashleydominguez@example.net,2025-07-17
193,Jessica Walsh,jscott@example.org,2025-02-17
194,Teresa Mendoza,hwoods@example.org,2024-01-07
195,Tyler Jones,vthompson@example.net,2024-01-03
196,Donna Foster,katieherrera@example.com,2024-09-29
197,Shelly Ashley,marcus66@example.net,2024-06-11
198,Lauren Arnold,john81@example.net,2025-01-20
199,Maria Gordon,ballardaaron@example.com,2025-07-03
200,Karen Martinez,feliciacooper@example.net,2024-07-02
