product_id,product_name,category,price
1,Streamlined even-keeled synergy,Books,170.77
2,Upgradable maximized flexibility,Books,79.44
3,Switchable mobile utilization,Garden,270.88
4,Realigned multimedia groupware,Grocery,493.08
5,Optional incremental help-desk,Toys,370.76
6,Proactive 4thgeneration throughput,Beauty,325.1
7,Persevering non-volatile info-mediaries,Automotive,393.31
8,Compatible asynchronous success,Beauty,372.42
9,Reactive object-oriented encoding,Toys,62.61
10,Advanced interactive algorithm,Electronics,137.7
11,Sharable actuating system engine,Home,100.21
12,Face-to-face attitude-oriented toolset,Fashion,327.83
13,Synergized multimedia utilization,Toys,37.41
14,Robust bandwidth-monitored definition,Toys,401.48
15,Centralized 5thgeneration intranet,Garden,262.05
16,Virtual bottom-line time-frame,Books,357.12
17,Visionary clear-thinking product,Beauty,455.96
18,Ergonomic even-keeled open system,Grocery,294.16
19,Inverse global core,Garden,316.34
20,Intuitive client-server middleware,Automotive,357.0
21,Triple-buffered didactic throughput,Automotive,193.74
22,Operative upward-trending data-warehouse,Automotive,418.84
23,Phased maximized success,Sports,117.53
24,Optional secondary solution,Grocery,130.93
25,Decentralized composite installation,Sports,294.73
26,De-engineered homogeneous definition,Home,242.45
27,Multi-channeled grid-enabled alliance,Automotive,418.14
28,Implemented regional protocol,Toys,147.72
29,Multi-layered national interface,Electronics,271.03
30,Assimilated actuating conglomeration,Sports,154.65
31,Organized fresh-thinking infrastructure,Electronics,156.83
32,Profit-focused methodical projection,Garden,294.67
33,Business-focused well-modulated utilization,Automotive,235.5
34,Configurable clear-thinking projection,Electronics,11.26
35,Polarized maximized frame,Sports,422.43
36,Multi-tiered zero administration interface,Toys,328.46
37,Profit-focused holistic matrix,Beauty,143.6
38,Customer-focused non-volatile time-frame,Beauty,259.85
39,Secured systemic projection,Garden,368.54
40,Upgradable local array,Electronics,185.3
41,Digitized real-time circuit,Toys,88.59
42,Pre-emptive asymmetric interface,Beauty,107.08
43,Adaptive value-added emulation,Automotive,399.19
44,Mandatory zero administration frame,Books,148.72
45,Multi-lateral intangible installation,Toys,30.54
46,Cross-platform 24hour projection,Home,402.56
47,Sharable next generation challenge,Home,63.77
48,Open-source high-level instruction set,Toys,307.89
49,Integrated client-driven ability,Home,51.21
50,Multi-lateral stable open architecture,Electronics,48.11
51,Centralized attitude-oriented projection,Toys,288.62
52,Multi-channeled 3rdgeneration orchestration,Books,19.67
53,Object-based transitional monitoring,Automotive,19.06
54,Seamless multimedia model,Beauty,223.03
55,Focused directional data-warehouse,Grocery,101.25
56,Reactive optimizing analyzer,Toys,396.43
57,Multi-layered bi-directional workforce,Electronics,106.73
58,Reactive object-oriented implementation,Electronics,36.79
59,Programmable reciprocal groupware,Garden,41.87
60,Virtual hybrid firmware,Sports,327.35
61,Enhanced neutral access,Sports,134.23
62,Synchronized executive data-warehouse,Sports,20.91
63,Robust systematic website,Garden,177.55
64,Reverse-engineered system-worthy challenge,Home,211.4
65,Mandatory user-facing orchestration,Home,147.99
66,Multi-channeled neutral success,Garden,429.16
67,Enterprise-wide bandwidth-monitored hierarchy,Electronics,452.9
68,Assimilated bandwidth-monitored capability,Electronics,305.27
69,Right-sized upward-trending budgetary management,Books,178.0
70,Integrated interactive capability,Grocery,486.05
71,Versatile tangible neural-net,Automotive,112.58
72,Enhanced national Graphic Interface,Garden,271.36
73,Programmable multi-tasking knowledgebase,Automotive,257.02
74,Centralized neutral toolset,Garden,407.59
75,Face-to-face homogeneous policy,Beauty,137.85
76,Stand-alone foreground function,Books,318.28
77,Enhanced global frame,Books,89.31
78,Multi-layered multimedia core,Beauty,422.26
79,Pre-emptive 5thgeneration capacity,Toys,445.18
80,Monitored neutral frame,Sports,307.78
81,Organic hybrid parallelism,Home,135.95
82,Cross-group contextually-based intranet,Electronics,138.88
83,Polarized client-driven conglomeration,Books,235.59
84,Fully-configurable bifurcated paradigm,Books,118.09
85,Re-contextualized radical ability,Fashion,96.74
86,Organized optimizing structure,Fashion,52.73
87,Open-source cohesive complexity,Books,388.41
88,Profit-focused impactful portal,Books,136.12
89,Persevering local archive,Fashion,42.08
90,Reduced secondary emulation,Garden,371.26
91,Switchable heuristic hierarchy,Fashion,440.13
92,Multi-lateral context-sensitive monitoring,Electronics,115.53
93,Networked holistic paradigm,Books,282.17
94,Front-line composite structure,Garden,298.02
95,Inverse multi-state approach,Sports,214.83
96,User-friendly 4thgeneration alliance,Home,66.72
97,Configurable fresh-thinking concept,Books,54.11
98,Ergonomic grid-enabled application,Fashion,426.29
99,Innovative neutral capacity,Home,343.71
100,Open-source multi-state Internet solution,Beauty,404.78
